{
	"class_name" : "PinholeCameraParameters",
	"extrinsic" : 
	[
		0.11681404257651246,
		-0.99315361907003785,
		-0.00060694729523406423,
		0.0,
		0.98325952734154654,
		0.11573631275468253,
		-0.14073310840747094,
		0.0,
		0.13983984177984254,
		0.015842816606802177,
		0.99004738463012565,
		0.0,
		-0.035068335213210455,
		0.068932645642228063,
		2.0175875996545201,
		1.0
	],
	"intrinsic" : 
	{
		"height" : 1080,
		"intrinsic_matrix" : 
		[
			935.30743608719376,
			0.0,
			0.0,
			0.0,
			935.30743608719376,
			0.0,
			959.5,
			539.5,
			1.0
		],
		"width" : 1920
	},
	"version_major" : 1,
	"version_minor" : 0
}