{
	"class_name" : "PinholeCameraParameters",
	"extrinsic" : 
	[
		-0.12907491413355371,
		-0.86208576396098202,
		-0.49004877524306284,
		0.0,
		-0.9514900230576252,
		0.24685728021020714,
		-0.18365244139139317,
		0.0,
		0.27929626306704419,
		0.44257159735237128,
		-0.85212908567526036,
		0.0,
		0.33672734996246328,
		0.37307674222473575,
		2.024485806451068,
		1.0
	],
	"intrinsic" : 
	{
		"height" : 1080,
		"intrinsic_matrix" : 
		[
			935.30743608719376,
			0.0,
			0.0,
			0.0,
			935.30743608719376,
			0.0,
			959.5,
			539.5,
			1.0
		],
		"width" : 1920
	},
	"version_major" : 1,
	"version_minor" : 0
}