{
	"class_name" : "PinholeCameraParameters",
	"extrinsic" : 
	[
		0.18729548789667508,
		-0.68652957825773386,
		-0.70256497093920411,
		0.0,
		-0.74942722532821204,
		-0.56224640647121638,
		0.34962524558026586,
		0.0,
		-0.6350427026195985,
		0.46103808583181294,
		-0.61981017195761978,
		0.0,
		-0.1223809437157336,
		0.11451555301327854,
		2.1470092227862709,
		1.0
	],
	"intrinsic" : 
	{
		"height" : 1080,
		"intrinsic_matrix" : 
		[
			935.30743608719376,
			0.0,
			0.0,
			0.0,
			935.30743608719376,
			0.0,
			959.5,
			539.5,
			1.0
		],
		"width" : 1920
	},
	"version_major" : 1,
	"version_minor" : 0
}