{
	"class_name" : "PinholeCameraParameters",
	"extrinsic" : 
	[
		-0.19120248570064022,
		-0.89111377591488927,
		-0.41153110190677578,
		0.0,
		0.59708589288755531,
		0.22717812832645778,
		-0.76933642480046305,
		0.0,
		0.77905715193210789,
		-0.39281845219489886,
		0.48863444172370474,
		0.0,
		0.14996081283138013,
		-0.0060492291221488914,
		1.1394007979179182,
		1.0
	],
	"intrinsic" : 
	{
		"height" : 1080,
		"intrinsic_matrix" : 
		[
			935.30743608719376,
			0.0,
			0.0,
			0.0,
			935.30743608719376,
			0.0,
			959.5,
			539.5,
			1.0
		],
		"width" : 1920
	},
	"version_major" : 1,
	"version_minor" : 0
}