{
	"class_name" : "PinholeCameraParameters",
	"extrinsic" : 
	[
		0.074294646704472805,
		-0.98825018037050161,
		-0.13357352458001823,
		0.0,
		-0.73690007593469975,
		-0.14465183189245526,
		0.66034394493899218,
		0.0,
		-0.67190667771535906,
		0.049370320313200634,
		-0.73898848970310815,
		0.0,
		0.61840770863450856,
		0.12403400210116133,
		2.2291693229108844,
		1.0
	],
	"intrinsic" : 
	{
		"height" : 1080,
		"intrinsic_matrix" : 
		[
			935.30743608719376,
			0.0,
			0.0,
			0.0,
			935.30743608719376,
			0.0,
			959.5,
			539.5,
			1.0
		],
		"width" : 1920
	},
	"version_major" : 1,
	"version_minor" : 0
}