{
	"class_name" : "PinholeCameraParameters",
	"extrinsic" : 
	[
		-0.033169947880088813,
		-0.99887410128147702,
		-0.033915842120667783,
		0.0,
		-0.72633724302306613,
		0.00078179985540219668,
		0.68733805233424816,
		0.0,
		-0.68653766390146698,
		0.047433306632660183,
		-0.72554539311238719,
		0.0,
		0.42036657526392573,
		0.15341161231064793,
		1.9552937897557316,
		1.0
	],
	"intrinsic" : 
	{
		"height" : 1080,
		"intrinsic_matrix" : 
		[
			935.30743608719376,
			0.0,
			0.0,
			0.0,
			935.30743608719376,
			0.0,
			959.5,
			539.5,
			1.0
		],
		"width" : 1920
	},
	"version_major" : 1,
	"version_minor" : 0
}