{
	"class_name" : "PinholeCameraParameters",
	"extrinsic" : 
	[
		0.040196325952686122,
		-0.97153284406085327,
		-0.23346988733225407,
		0.0,
		0.34523452272876298,
		0.23277248408227558,
		-0.90919200115839682,
		0.0,
		0.93765525631553348,
		-0.044055687092550894,
		0.34476327637765392,
		0.0,
		0.16838440876794936,
		0.10335368915223028,
		1.6651182573085703,
		1.0
	],
	"intrinsic" : 
	{
		"height" : 1080,
		"intrinsic_matrix" : 
		[
			935.30743608719376,
			0.0,
			0.0,
			0.0,
			935.30743608719376,
			0.0,
			959.5,
			539.5,
			1.0
		],
		"width" : 1920
	},
	"version_major" : 1,
	"version_minor" : 0
}