{
	"class_name" : "PinholeCameraParameters",
	"extrinsic" : 
	[
		0.01079955924324332,
		-0.97453103149972975,
		-0.22399249577658789,
		0.0,
		-0.94430929036298028,
		0.063736132797490963,
		-0.32282761577997809,
		0.0,
		0.32888194485911848,
		0.21500459069539346,
		-0.91957038465013119,
		0.0,
		0.089715582268689142,
		0.11908668920321497,
		1.9995936068389206,
		1.0
	],
	"intrinsic" : 
	{
		"height" : 1080,
		"intrinsic_matrix" : 
		[
			935.30743608719376,
			0.0,
			0.0,
			0.0,
			935.30743608719376,
			0.0,
			959.5,
			539.5,
			1.0
		],
		"width" : 1920
	},
	"version_major" : 1,
	"version_minor" : 0
}