{
	"class_name" : "PinholeCameraParameters",
	"extrinsic" : 
	[
		0.0231607615242783,
		-0.99588240520160709,
		0.08764595903678507,
		0.0,
		0.99801906762024584,
		0.028161551917629802,
		0.056257156522579427,
		0.0,
		-0.058493758573294558,
		0.086169379732321041,
		0.99456187248683336,
		0.0,
		0.20574795906481047,
		-0.020472746457052549,
		1.2250864473786727,
		1.0
	],
	"intrinsic" : 
	{
		"height" : 1080,
		"intrinsic_matrix" : 
		[
			935.30743608719376,
			0.0,
			0.0,
			0.0,
			935.30743608719376,
			0.0,
			959.5,
			539.5,
			1.0
		],
		"width" : 1920
	},
	"version_major" : 1,
	"version_minor" : 0
}