{
	"class_name" : "PinholeCameraParameters",
	"extrinsic" : 
	[
		-0.11760680113051619,
		-0.99305788516828319,
		-0.0021626448955607228,
		0.0,
		-0.99273196632812311,
		0.1176236364191217,
		-0.025454335305415434,
		0.0,
		0.025532006543659315,
		-0.00084667623053399487,
		-0.99967364663734903,
		0.0,
		0.039215753512062704,
		-0.22748745208424581,
		1.8467446508664724,
		1.0
	],
	"intrinsic" : 
	{
		"height" : 1080,
		"intrinsic_matrix" : 
		[
			935.30743608719376,
			0.0,
			0.0,
			0.0,
			935.30743608719376,
			0.0,
			959.5,
			539.5,
			1.0
		],
		"width" : 1920
	},
	"version_major" : 1,
	"version_minor" : 0
}