{
	"class_name" : "PinholeCameraParameters",
	"extrinsic" : 
	[
		-0.052715515068710909,
		-0.61539240923235294,
		-0.78645613808415338,
		0.0,
		0.87199370476110594,
		0.35544454666434439,
		-0.33658008423491143,
		0.0,
		0.48667037440966332,
		-0.70352779398242626,
		0.51788086445260662,
		0.0,
		-0.19369804170186611,
		0.2650025642564694,
		1.9153715313120465,
		1.0
	],
	"intrinsic" : 
	{
		"height" : 1080,
		"intrinsic_matrix" : 
		[
			935.30743608719376,
			0.0,
			0.0,
			0.0,
			935.30743608719376,
			0.0,
			959.5,
			539.5,
			1.0
		],
		"width" : 1920
	},
	"version_major" : 1,
	"version_minor" : 0
}