{
	"class_name" : "PinholeCameraParameters",
	"extrinsic" : 
	[
		0.0021375831365564265,
		-0.99964487567454841,
		-0.02656225284028586,
		0.0,
		-0.99805983465197967,
		-0.00047983430708528271,
		-0.062260229789978888,
		0.0,
		0.062225374187686006,
		0.026643804095036965,
		-0.99770642501216156,
		0.0,
		0.22879156615954771,
		0.31987739700630546,
		2.2310054260067611,
		1.0
	],
	"intrinsic" : 
	{
		"height" : 1080,
		"intrinsic_matrix" : 
		[
			935.30743608719376,
			0.0,
			0.0,
			0.0,
			935.30743608719376,
			0.0,
			959.5,
			539.5,
			1.0
		],
		"width" : 1920
	},
	"version_major" : 1,
	"version_minor" : 0
}