{
	"class_name" : "PinholeCameraParameters",
	"extrinsic" : 
	[
		0.089366774340087218,
		-0.99506781819408485,
		-0.043053650699003292,
		0.0,
		0.61598482030211787,
		0.08918625525706278,
		-0.7826931154868999,
		0.0,
		0.78267252462407011,
		0.043426363740081915,
		0.62091695912649914,
		0.0,
		-0.18728616610329363,
		-0.014216068226618118,
		1.2343743030620038,
		1.0
	],
	"intrinsic" : 
	{
		"height" : 1080,
		"intrinsic_matrix" : 
		[
			935.30743608719376,
			0.0,
			0.0,
			0.0,
			935.30743608719376,
			0.0,
			959.5,
			539.5,
			1.0
		],
		"width" : 1920
	},
	"version_major" : 1,
	"version_minor" : 0
}