{
	"class_name" : "PinholeCameraParameters",
	"extrinsic" : 
	[
		-0.0049098741165567172,
		-0.99527471652499,
		-0.096974902847387745,
		0.0,
		0.08841890044189929,
		-0.09702832878145437,
		0.99134635796906201,
		0.0,
		-0.99607127816276542,
		-0.0037070284566909648,
		0.088477492952819453,
		0.0,
		0.25308864144843579,
		0.060826852748785583,
		1.0907276938069745,
		1.0
	],
	"intrinsic" : 
	{
		"height" : 1080,
		"intrinsic_matrix" : 
		[
			935.30743608719376,
			0.0,
			0.0,
			0.0,
			935.30743608719376,
			0.0,
			959.5,
			539.5,
			1.0
		],
		"width" : 1920
	},
	"version_major" : 1,
	"version_minor" : 0
}