{
	"class_name" : "PinholeCameraParameters",
	"extrinsic" : 
	[
		0.028020362310244948,
		-0.97775360709422898,
		-0.20787674980677096,
		0.0,
		-0.73296789470722901,
		0.12130500860573014,
		-0.66936026190357023,
		0.0,
		0.67968590144599517,
		0.17112270071906879,
		-0.71326299264307624,
		0.0,
		-0.24487745393568339,
		0.064544134268595149,
		1.6456925850364337,
		1.0
	],
	"intrinsic" : 
	{
		"height" : 1080,
		"intrinsic_matrix" : 
		[
			935.30743608719376,
			0.0,
			0.0,
			0.0,
			935.30743608719376,
			0.0,
			959.5,
			539.5,
			1.0
		],
		"width" : 1920
	},
	"version_major" : 1,
	"version_minor" : 0
}