{
	"class_name" : "PinholeCameraParameters",
	"extrinsic" : 
	[
		0.11473232691945193,
		-0.70897700793349583,
		-0.69583625615608435,
		0.0,
		0.93760714824581681,
		-0.1541501644876811,
		0.3116577647785595,
		0.0,
		-0.32822146291489696,
		-0.68817826833611129,
		0.6470559035136888,
		0.0,
		0.15785347102925101,
		0.27009397848083228,
		1.8394027163385571,
		1.0
	],
	"intrinsic" : 
	{
		"height" : 1080,
		"intrinsic_matrix" : 
		[
			935.30743608719376,
			0.0,
			0.0,
			0.0,
			935.30743608719376,
			0.0,
			959.5,
			539.5,
			1.0
		],
		"width" : 1920
	},
	"version_major" : 1,
	"version_minor" : 0
}