{
	"class_name" : "PinholeCameraParameters",
	"extrinsic" : 
	[
		-0.024216959415303538,
		-0.99649795874041469,
		-0.080033474889351211,
		0.0,
		-0.98367030389956311,
		0.0094702134147719927,
		0.17973048790903548,
		0.0,
		-0.17834313023724468,
		0.08307907849793196,
		-0.98045478968339772,
		0.0,
		0.14878229180759092,
		0.33681993769175489,
		2.2034249481087578,
		1.0
	],
	"intrinsic" : 
	{
		"height" : 1080,
		"intrinsic_matrix" : 
		[
			935.30743608719376,
			0.0,
			0.0,
			0.0,
			935.30743608719376,
			0.0,
			959.5,
			539.5,
			1.0
		],
		"width" : 1920
	},
	"version_major" : 1,
	"version_minor" : 0
}