{
	"class_name" : "PinholeCameraParameters",
	"extrinsic" : 
	[
		-0.033524797234063777,
		-0.99541764288302292,
		-0.089553359555193474,
		0.0,
		0.92344540881653026,
		-0.065122546517548979,
		0.37816349753875123,
		0.0,
		-0.38226256016785937,
		-0.070019784149028361,
		0.92139707234266666,
		0.0,
		0.022391587316917039,
		0.099418246492247772,
		1.4962707145924363,
		1.0
	],
	"intrinsic" : 
	{
		"height" : 1080,
		"intrinsic_matrix" : 
		[
			935.30743608719376,
			0.0,
			0.0,
			0.0,
			935.30743608719376,
			0.0,
			959.5,
			539.5,
			1.0
		],
		"width" : 1920
	},
	"version_major" : 1,
	"version_minor" : 0
}