{
	"class_name" : "PinholeCameraParameters",
	"extrinsic" : 
	[
		0.12377778981475951,
		-0.99081168328029812,
		0.054509329695342015,
		0.0,
		-0.87889559399564043,
		-0.083963483743941136,
		0.46956646840743582,
		0.0,
		-0.46067514975698842,
		-0.10602990933148633,
		-0.88121283735743039,
		0.0,
		-0.01892901827113469,
		0.28749650252373782,
		1.9941715563043776,
		1.0
	],
	"intrinsic" : 
	{
		"height" : 1080,
		"intrinsic_matrix" : 
		[
			935.30743608719376,
			0.0,
			0.0,
			0.0,
			935.30743608719376,
			0.0,
			959.5,
			539.5,
			1.0
		],
		"width" : 1920
	},
	"version_major" : 1,
	"version_minor" : 0
}