{
	"class_name" : "PinholeCameraParameters",
	"extrinsic" : 
	[
		-0.014784980774834266,
		-0.98980224104999326,
		0.14167896087951365,
		0.0,
		0.13131481358717983,
		0.13854509868975112,
		0.9816117742578333,
		0.0,
		-0.99123045961877709,
		0.033117657547871694,
		0.12792731015107722,
		0.0,
		0.058361521832611937,
		-0.00066552290023384449,
		1.1100133121345466,
		1.0
	],
	"intrinsic" : 
	{
		"height" : 1080,
		"intrinsic_matrix" : 
		[
			935.30743608719376,
			0.0,
			0.0,
			0.0,
			935.30743608719376,
			0.0,
			959.5,
			539.5,
			1.0
		],
		"width" : 1920
	},
	"version_major" : 1,
	"version_minor" : 0
}