{
	"class_name" : "PinholeCameraParameters",
	"extrinsic" : 
	[
		0.98512827815431958,
		-0.13587814514372032,
		-0.10516370691929698,
		0.0,
		0.025253199554854749,
		-0.49090807661966718,
		0.87084529982185799,
		0.0,
		-0.16995455714086752,
		-0.86055005082905045,
		-0.48017607033792359,
		0.0,
		0.12495213784040154,
		0.023377785362315162,
		2.5037081348073449,
		1.0
	],
	"intrinsic" : 
	{
		"height" : 1080,
		"intrinsic_matrix" : 
		[
			935.30743608719376,
			0.0,
			0.0,
			0.0,
			935.30743608719376,
			0.0,
			959.5,
			539.5,
			1.0
		],
		"width" : 1920
	},
	"version_major" : 1,
	"version_minor" : 0
}