{
	"class_name" : "PinholeCameraParameters",
	"extrinsic" : 
	[
		-0.36393015549196556,
		0.48678611170202746,
		-0.79409956767247714,
		0.0,
		-0.097930371910300587,
		-0.86783515305727499,
		-0.48710552180771516,
		0.0,
		-0.92626372280312474,
		-0.099505922296502181,
		0.36350252715327647,
		0.0,
		-0.00072143535263935465,
		0.062456464209298276,
		2.9372810059766175,
		1.0
	],
	"intrinsic" : 
	{
		"height" : 1080,
		"intrinsic_matrix" : 
		[
			935.30743608719376,
			0.0,
			0.0,
			0.0,
			935.30743608719376,
			0.0,
			959.5,
			539.5,
			1.0
		],
		"width" : 1920
	},
	"version_major" : 1,
	"version_minor" : 0
}