{
	"class_name" : "PinholeCameraParameters",
	"extrinsic" : 
	[
		-0.58975784004016607,
		0.01872329635709568,
		-0.80736307091957238,
		0.0,
		-0.045596237117237558,
		-0.99890847077082023,
		0.010141507927827441,
		0.0,
		-0.80629192807066274,
		0.042793751831615628,
		0.58996781397993869,
		0.0,
		-0.033086919174694751,
		0.00026040340534499995,
		2.8560175069736378,
		1.0
	],
	"intrinsic" : 
	{
		"height" : 1080,
		"intrinsic_matrix" : 
		[
			935.30743608719376,
			0.0,
			0.0,
			0.0,
			935.30743608719376,
			0.0,
			959.5,
			539.5,
			1.0
		],
		"width" : 1920
	},
	"version_major" : 1,
	"version_minor" : 0
}