{
	"class_name" : "PinholeCameraParameters",
	"extrinsic" : 
	[
		0.12985008666150513,
		-0.94744698326630583,
		0.29237504834300759,
		0.0,
		0.01411724842659566,
		-0.29307507270626021,
		-0.95598520127410047,
		0.0,
		0.99143313354500184,
		0.1282622924237545,
		-0.024680479155435742,
		0.0,
		-0.030107628673264997,
		-0.11855593380302298,
		2.4607720545854423,
		1.0
	],
	"intrinsic" : 
	{
		"height" : 1080,
		"intrinsic_matrix" : 
		[
			935.30743608719376,
			0.0,
			0.0,
			0.0,
			935.30743608719376,
			0.0,
			959.5,
			539.5,
			1.0
		],
		"width" : 1920
	},
	"version_major" : 1,
	"version_minor" : 0
}