{
	"class_name" : "PinholeCameraParameters",
	"extrinsic" : 
	[
		-0.8715260735548267,
		-0.27054574972078976,
		0.40895880039696275,
		0.0,
		-0.11539275680844521,
		-0.69743415189101798,
		-0.70729775586538057,
		0.0,
		0.4765782357496553,
		-0.66361931940237562,
		0.5766130280575299,
		0.0,
		-0.12553032128586217,
		-0.0016832719304609167,
		3.0012669491083916,
		1.0
	],
	"intrinsic" : 
	{
		"height" : 1080,
		"intrinsic_matrix" : 
		[
			935.30743608719376,
			0.0,
			0.0,
			0.0,
			935.30743608719376,
			0.0,
			959.5,
			539.5,
			1.0
		],
		"width" : 1920
	},
	"version_major" : 1,
	"version_minor" : 0
}