{
	"class_name" : "PinholeCameraParameters",
	"extrinsic" : 
	[
		0.9970318426626068,
		-0.052063852337624859,
		0.056717369443345933,
		0.0,
		0.00030976295057427022,
		-0.73396344469105534,
		-0.67918890296010781,
		0.0,
		0.076989666603521856,
		0.67719053237401827,
		-0.73176879825479879,
		0.0,
		0.11502250704441078,
		-0.037302536970804434,
		2.8809266579752304,
		1.0
	],
	"intrinsic" : 
	{
		"height" : 1080,
		"intrinsic_matrix" : 
		[
			935.30743608719376,
			0.0,
			0.0,
			0.0,
			935.30743608719376,
			0.0,
			959.5,
			539.5,
			1.0
		],
		"width" : 1920
	},
	"version_major" : 1,
	"version_minor" : 0
}