{
	"class_name" : "PinholeCameraParameters",
	"extrinsic" : 
	[
		-0.071137771156836963,
		0.035306430007322996,
		0.99684144853380552,
		0.0,
		-0.032348603800902237,
		-0.99892933612056101,
		0.03307188034973893,
		0.0,
		0.99694181643011137,
		-0.029893769214891532,
		0.072203720230726715,
		0.0,
		-0.05426068089468894,
		0.0055717562938525826,
		3.0250650995037698,
		1.0
	],
	"intrinsic" : 
	{
		"height" : 1080,
		"intrinsic_matrix" : 
		[
			935.30743608719376,
			0.0,
			0.0,
			0.0,
			935.30743608719376,
			0.0,
			959.5,
			539.5,
			1.0
		],
		"width" : 1920
	},
	"version_major" : 1,
	"version_minor" : 0
}