{
	"class_name" : "PinholeCameraParameters",
	"extrinsic" : 
	[
		-0.78356528117193114,
		0.13718115830760472,
		0.60597589056606582,
		0.0,
		0.23254789302340564,
		-0.83967351982391225,
		0.49078494023033842,
		0.0,
		0.57614835554076471,
		0.52548045626065498,
		0.62603782832650501,
		0.0,
		-0.11964513326551118,
		-0.00782907062579008,
		2.8145779758921456,
		1.0
	],
	"intrinsic" : 
	{
		"height" : 1080,
		"intrinsic_matrix" : 
		[
			935.30743608719376,
			0.0,
			0.0,
			0.0,
			935.30743608719376,
			0.0,
			959.5,
			539.5,
			1.0
		],
		"width" : 1920
	},
	"version_major" : 1,
	"version_minor" : 0
}