{
	"class_name" : "PinholeCameraParameters",
	"extrinsic" : 
	[
		-0.74838747014364326,
		-0.0042402791644677402,
		0.66324822997472432,
		0.0,
		0.024516205948653617,
		-0.99947305920026375,
		0.021273447740067709,
		0.0,
		0.66280853206478918,
		0.032181111936562597,
		0.74809706980888901,
		0.0,
		-0.11944339374362301,
		-0.0019826871905522098,
		2.8850627595780169,
		1.0
	],
	"intrinsic" : 
	{
		"height" : 1080,
		"intrinsic_matrix" : 
		[
			935.30743608719376,
			0.0,
			0.0,
			0.0,
			935.30743608719376,
			0.0,
			959.5,
			539.5,
			1.0
		],
		"width" : 1920
	},
	"version_major" : 1,
	"version_minor" : 0
}