{
	"class_name" : "PinholeCameraParameters",
	"extrinsic" : 
	[
		0.63869934297279296,
		-0.12779202729019506,
		0.75877028608610175,
		0.0,
		0.023075716738089641,
		-0.98248740990654215,
		-0.18489456636731594,
		0.0,
		0.76911030456180096,
		0.13560120624904626,
		-0.62456517056321481,
		0.0,
		0.04061487498742844,
		-0.021425863517996302,
		3.1673304850137542,
		1.0
	],
	"intrinsic" : 
	{
		"height" : 1080,
		"intrinsic_matrix" : 
		[
			935.30743608719376,
			0.0,
			0.0,
			0.0,
			935.30743608719376,
			0.0,
			959.5,
			539.5,
			1.0
		],
		"width" : 1920
	},
	"version_major" : 1,
	"version_minor" : 0
}