{
	"class_name" : "PinholeCameraParameters",
	"extrinsic" : 
	[
		0.82044346304832971,
		0.33532861620950488,
		-0.46306289323620259,
		0.0,
		-0.10383854239726967,
		-0.70906796779414161,
		-0.69745263219884457,
		0.0,
		-0.56221889069478492,
		0.62030422874530278,
		-0.54693014430237863,
		0.0,
		0.12339046314030744,
		0.011376747972418166,
		2.8106264191104509,
		1.0
	],
	"intrinsic" : 
	{
		"height" : 1080,
		"intrinsic_matrix" : 
		[
			935.30743608719376,
			0.0,
			0.0,
			0.0,
			935.30743608719376,
			0.0,
			959.5,
			539.5,
			1.0
		],
		"width" : 1920
	},
	"version_major" : 1,
	"version_minor" : 0
}