{
	"class_name" : "PinholeCameraParameters",
	"extrinsic" : 
	[
		-0.20262450197368609,
		0.36179626498012613,
		0.90997075439068165,
		0.0,
		0.19766496826356417,
		-0.89500799062273229,
		0.39986154734210605,
		0.0,
		0.95909951075020372,
		0.26089108717602733,
		0.10983610112722797,
		0.0,
		-0.068157547613893588,
		0.031036244337229013,
		2.5280319532385476,
		1.0
	],
	"intrinsic" : 
	{
		"height" : 1080,
		"intrinsic_matrix" : 
		[
			935.30743608719376,
			0.0,
			0.0,
			0.0,
			935.30743608719376,
			0.0,
			959.5,
			539.5,
			1.0
		],
		"width" : 1920
	},
	"version_major" : 1,
	"version_minor" : 0
}