{
	"class_name" : "PinholeCameraParameters",
	"extrinsic" : 
	[
		0.026087624184850045,
		0.06776814294894748,
		-0.99735997246011487,
		0.0,
		0.0085019070631457538,
		-0.99767848706382811,
		-0.067567403578358678,
		0.0,
		-0.99962350584641613,
		-0.0067167887626591923,
		-0.026603219881024848,
		0.0,
		0.049026856678824338,
		0.0083670632862953044,
		3.0695971055784894,
		1.0
	],
	"intrinsic" : 
	{
		"height" : 1080,
		"intrinsic_matrix" : 
		[
			935.30743608719376,
			0.0,
			0.0,
			0.0,
			935.30743608719376,
			0.0,
			959.5,
			539.5,
			1.0
		],
		"width" : 1920
	},
	"version_major" : 1,
	"version_minor" : 0
}