{
	"class_name" : "PinholeCameraParameters",
	"extrinsic" : 
	[
		0.99837045117972434,
		0.020961637622025669,
		0.053075907523063147,
		0.0,
		0.026973421623275158,
		-0.99297438227298818,
		-0.11521419476570949,
		0.0,
		0.050287938286699585,
		0.11645808644220756,
		-0.99192168912928425,
		0.0,
		0.11640841538300162,
		-0.0028577172851269039,
		2.9617276211943948,
		1.0
	],
	"intrinsic" : 
	{
		"height" : 1080,
		"intrinsic_matrix" : 
		[
			935.30743608719376,
			0.0,
			0.0,
			0.0,
			935.30743608719376,
			0.0,
			959.5,
			539.5,
			1.0
		],
		"width" : 1920
	},
	"version_major" : 1,
	"version_minor" : 0
}