{
	"class_name" : "PinholeCameraParameters",
	"extrinsic" : 
	[
		0.084645222606925613,
		-0.41059926604788066,
		-0.90787853207946601,
		0.0,
		0.038616084925563073,
		-0.90911219381666164,
		0.41475754006271959,
		0.0,
		-0.99566258555539078,
		-0.070165958803385969,
		-0.061096267892203009,
		0.0,
		0.055808115522997997,
		-0.045601827549313967,
		2.3197198935450598,
		1.0
	],
	"intrinsic" : 
	{
		"height" : 1080,
		"intrinsic_matrix" : 
		[
			935.30743608719376,
			0.0,
			0.0,
			0.0,
			935.30743608719376,
			0.0,
			959.5,
			539.5,
			1.0
		],
		"width" : 1920
	},
	"version_major" : 1,
	"version_minor" : 0
}