{
	"class_name" : "PinholeCameraParameters",
	"extrinsic" : 
	[
		0.64634359638443428,
		-0.42402636444773462,
		-0.63438284786560284,
		0.0,
		-0.08724450509681328,
		-0.86699639483093771,
		0.49061761859983083,
		0.0,
		-0.75804244719095237,
		-0.26176113845143983,
		-0.59737153820161082,
		0.0,
		0.11168433710371661,
		-0.03839621025874751,
		2.8618537431674254,
		1.0
	],
	"intrinsic" : 
	{
		"height" : 1080,
		"intrinsic_matrix" : 
		[
			935.30743608719376,
			0.0,
			0.0,
			0.0,
			935.30743608719376,
			0.0,
			959.5,
			539.5,
			1.0
		],
		"width" : 1920
	},
	"version_major" : 1,
	"version_minor" : 0
}