{
	"class_name" : "PinholeCameraParameters",
	"extrinsic" : 
	[
		0.98271144086065443,
		0.1041484199889228,
		0.15307295847205574,
		0.0,
		-0.019886991978840238,
		-0.76261683354492593,
		0.64654471828632576,
		0.0,
		0.18407262575301714,
		-0.63841105238531226,
		-0.74736108852459526,
		0.0,
		0.10840002578806751,
		0.041714436861349347,
		2.8931008848243991,
		1.0
	],
	"intrinsic" : 
	{
		"height" : 1080,
		"intrinsic_matrix" : 
		[
			935.30743608719376,
			0.0,
			0.0,
			0.0,
			935.30743608719376,
			0.0,
			959.5,
			539.5,
			1.0
		],
		"width" : 1920
	},
	"version_major" : 1,
	"version_minor" : 0
}