{
	"class_name" : "PinholeCameraParameters",
	"extrinsic" : 
	[
		-0.99777146652198256,
		0.0011779941811687405,
		-0.066713663700036896,
		0.0,
		0.003163377567298906,
		-0.99788469775609556,
		-0.064931679684055221,
		0.0,
		-0.066649033278354447,
		-0.064998017769276412,
		0.99565715185957748,
		0.0,
		-0.115585527043992,
		0.003126217738836673,
		2.9254518099520928,
		1.0
	],
	"intrinsic" : 
	{
		"height" : 1080,
		"intrinsic_matrix" : 
		[
			935.30743608719376,
			0.0,
			0.0,
			0.0,
			935.30743608719376,
			0.0,
			959.5,
			539.5,
			1.0
		],
		"width" : 1920
	},
	"version_major" : 1,
	"version_minor" : 0
}