{
	"class_name" : "PinholeCameraParameters",
	"extrinsic" : 
	[
		-0.58875038031013838,
		-0.41332350092944864,
		-0.69464859696402736,
		0.0,
		-0.036896917367339327,
		-0.84474089299236066,
		0.53390208952134377,
		0.0,
		-0.80747235690979258,
		0.3399654501355886,
		0.48209115895300492,
		0.0,
		-0.032912888329633461,
		-0.064768033852447782,
		2.8050947067884313,
		1.0
	],
	"intrinsic" : 
	{
		"height" : 1080,
		"intrinsic_matrix" : 
		[
			935.30743608719376,
			0.0,
			0.0,
			0.0,
			935.30743608719376,
			0.0,
			959.5,
			539.5,
			1.0
		],
		"width" : 1920
	},
	"version_major" : 1,
	"version_minor" : 0
}