{
	"class_name" : "PinholeCameraParameters",
	"extrinsic" : 
	[
		0.72763288050847985,
		0.03587426461101427,
		-0.68502804931006389,
		0.0,
		-0.016998477387358608,
		-0.99738192366182077,
		-0.070287624224734391,
		0.0,
		-0.68575611041349382,
		0.062788020284644586,
		-0.7251180742053609,
		0.0,
		0.11802967106898499,
		0.0013812913758487477,
		2.9309823594828979,
		1.0
	],
	"intrinsic" : 
	{
		"height" : 1080,
		"intrinsic_matrix" : 
		[
			935.30743608719376,
			0.0,
			0.0,
			0.0,
			935.30743608719376,
			0.0,
			959.5,
			539.5,
			1.0
		],
		"width" : 1920
	},
	"version_major" : 1,
	"version_minor" : 0
}